"Anger, teeth",smiley_ (1).png
"Anger, teeth",smiley_ (10).png
"Fear, FTN",smiley_ (100).png
"Flag, argentina",smiley_ (101).png
"Flag, australia",smiley_ (102).png
"Flag, belgium",smiley_ (103).png
"Flag, brasil, bluedisc",smiley_ (104).png
"Flag, brazil",smiley_ (105).png
"Flag, canada",smiley_ (106).png
"Flag, china",smiley_ (107).png
"Flag, colombia",smiley_ (108).png
"Flag, costa, rica",smiley_ (109).png
"Anger, teeth",smiley_ (11).png
"Flag, croatia",smiley_ (110).png
"Flag, egypt",smiley_ (111).png
"Flag, england",smiley_ (112).png
"Flag, finland",smiley_ (113).png
"Flag, france",smiley_ (114).png
"Flag, germany",smiley_ (115).png
"Flag, great, britain",smiley_ (116).png
"Flag, heart, wales",smiley_ (117).png
"Flag, holland",smiley_ (118).png
"Flag, iceland",smiley_ (119).png
"Anger, disgust, tongue",smiley_ (12).png
"Flag, iran",smiley_ (120).png
"Flag, italy",smiley_ (121).png
"Flag, jamaica",smiley_ (122).png
"Flag, japan",smiley_ (123).png
"Flag, mexico",smiley_ (124).png
"Flag, morocco",smiley_ (125).png
"Flag, nigeria",smiley_ (126).png
"Flag, panama",smiley_ (127).png
"Flag, poland",smiley_ (128).png
"Flag, portugal",smiley_ (129).png
"Anger, disgust, eyes, tongue",smiley_ (13).png
"Flag, russia",smiley_ (130).png
"Flag, saudi, arabia",smiley_ (131).png
"Flag, scotand",smiley_ (132).png
"Flag, senegal",smiley_ (133).png
"Flag, serbia",smiley_ (134).png
"Flag, south, korea",smiley_ (135).png
"Flag, spain",smiley_ (136).png
"Flag, sweden",smiley_ (137).png
"Flag, switzerland",smiley_ (138).png
"Flag, tunisia",smiley_ (139).png
"Anger, teeth",smiley_ (14).png
"Flag, uae",smiley_ (140).png
"Flag, uruguay",smiley_ (141).png
"Flag, usa",smiley_ (142).png
"Flag, wales",smiley_ (143).png
"Food, cookie",smiley_ (144).png
"Food, french, fries",smiley_ (145).png
"Food, fruit, lime",smiley_ (146).png
"Food, fruit, orange",smiley_ (147).png
"Food, fruit, pear",smiley_ (148).png
"Food, fruit, strawberry",smiley_ (149).png
"Anger, teeth",smiley_ (15).png
"Food, milkshake",smiley_ (150).png
"Happy, big, lashes",smiley_ (151).png
"Happy, lashes",smiley_ (152).png
"Happy, lasheslids",smiley_ (153).png
"Happy, eyes",smiley_ (154).png
"Happy, lashesteeth",smiley_ (155).png
"Happy, teeth",smiley_ (156).png
"Happy, lashesteeth",smiley_ (157).png
"Happy, teeth",smiley_ (158).png
"Happy, teethwink",smiley_ (159).png
Anger,smiley_ (16).png
"Happy, teeth",smiley_ (160).png
Happy,smiley_ (161).png
"Happy, tongue",smiley_ (162).png
"Happy, dripwink",smiley_ (163).png
"Happy, wink",smiley_ (164).png
"Happy, teethwink",smiley_ (165).png
"Happy, tongue",smiley_ (166).png
"Happy, tonguewink",smiley_ (167).png
Happy,smiley_ (168).png
Happy,smiley_ (169).png
"Anger, wink, teethtongue",smiley_ (17).png
"Happy, eyes",smiley_ (170).png
Happy,smiley_ (171).png
Happy,smiley_ (172).png
"Happy, lashes",smiley_ (173).png
Happy,smiley_ (174).png
Happy,smiley_ (175).png
"Happy, eyes",smiley_ (176).png
Happy,smiley_ (177).png
Happy,smiley_ (178).png
Happy,smiley_ (179).png
Anger,smiley_ (18).png
"Happy, lashes",smiley_ (180).png
Happy,smiley_ (181).png
Happy,smiley_ (182).png
"Happy, eyes",smiley_ (183).png
"Happy, wink",smiley_ (184).png
"Happy, eyes",smiley_ (185).png
Happy,smiley_ (186).png
"Happy, tongue",smiley_ (187).png
"Happy, tongue",smiley_ (188).png
Happy,smiley_ (189).png
Anger,smiley_ (19).png
"Happy, teeth",smiley_ (190).png
"Happy, teeth",smiley_ (191).png
Happy,smiley_ (192).png
"Happy, teeth",smiley_ (193).png
"Happy, teeth",smiley_ (194).png
"Happy, teethtongue",smiley_ (195).png
"Happy, lasheswink",smiley_ (196).png
"Happy, wink",smiley_ (197).png
Happy,smiley_ (198).png
"Happy, tongue",smiley_ (199).png
"Anger, lashes",smiley_ (2).png
Anger,smiley_ (20).png
Happy,smiley_ (200).png
Happy,smiley_ (201).png
Happy,smiley_ (202).png
"Happy, tongue",smiley_ (203).png
"Happy, teethtongue",smiley_ (204).png
Happy,smiley_ (205).png
Happy,smiley_ (206).png
Happy,smiley_ (207).png
"Happy, tongue",smiley_ (208).png
"Happy, tongue",smiley_ (209).png
"Anger, teeth",smiley_ (21).png
Happy,smiley_ (210).png
"Happy, winktongue",smiley_ (211).png
"Happy, lashes",smiley_ (212).png
"Happy, wink",smiley_ (213).png
Happy,smiley_ (214).png
Happy,smiley_ (215).png
Happy,smiley_ (216).png
Happy,smiley_ (217).png
Happy,smiley_ (218).png
"Happy, teeth",smiley_ (219).png
"Anger, teeth",smiley_ (22).png
Happy,smiley_ (220).png
Happy,smiley_ (221).png
Happy,smiley_ (222).png
Happy,smiley_ (223).png
Happy,smiley_ (224).png
Happy,smiley_ (225).png
Happy,smiley_ (226).png
Happy,smiley_ (227).png
Happy,smiley_ (228).png
Happy,smiley_ (229).png
Anger,smiley_ (23).png
"Happy, tongueteeth",smiley_ (230).png
"Happy, tongueteeth",smiley_ (231).png
"Happy, tongueteeth",smiley_ (232).png
"Happy, tongueteeth",smiley_ (233).png
"Happy, tongue",smiley_ (234).png
"Happy, tongue",smiley_ (235).png
"Happy, tongue",smiley_ (236).png
"Happy, tongue",smiley_ (237).png
"Happy, tongue",smiley_ (238).png
"Happy, tongue",smiley_ (239).png
Anger,smiley_ (24).png
"Happy, tongue",smiley_ (240).png
"Happy, tongue",smiley_ (241).png
"Happy, tongue",smiley_ (242).png
"Happy, tongue",smiley_ (243).png
"Happy, tongue",smiley_ (244).png
"Happy, tongue",smiley_ (245).png
"Happy, tongue",smiley_ (246).png
"Happy, tongue",smiley_ (247).png
"Happy, tongue",smiley_ (248).png
"Happy, tongue",smiley_ (249).png
"Anger, tongue",smiley_ (25).png
"Happy, teeth",smiley_ (250).png
Happy,smiley_ (251).png
Happy,smiley_ (252).png
Happy,smiley_ (253).png
"Happy, tongue",smiley_ (254).png
"Happy, tongue",smiley_ (255).png
Happy,smiley_ (256).png
"Happy, tongueteeth",smiley_ (257).png
Happy,smiley_ (258).png
"Happy, drip, wink",smiley_ (259).png
"Anger, teeth",smiley_ (26).png
Happy,smiley_ (260).png
"Happy, Hashtag",smiley_ (261).png
"Happy, lashes",smiley_ (262).png
"Happy, Smiley",smiley_ (263).png
"Happy, tongue",smiley_ (264).png
Happy,smiley_ (265).png
"Happy, wink",smiley_ (266).png
"Happy, words",smiley_ (267).png
"Happy, words",smiley_ (268).png
"Happy, words",smiley_ (269).png
Anger,smiley_ (27).png
Heart,smiley_ (270).png
Heart,smiley_ (271).png
"Heart, tash",smiley_ (272).png
"Heart, tash",smiley_ (273).png
"Heart, tash",smiley_ (274).png
"Heart, tash",smiley_ (275).png
Love,smiley_ (276).png
Love,smiley_ (277).png
Love,smiley_ (278).png
Love,smiley_ (279).png
"Anger, tongue",smiley_ (28).png
Love,smiley_ (280).png
Love,smiley_ (281).png
Love,smiley_ (282).png
Love,smiley_ (283).png
Love,smiley_ (284).png
Love,smiley_ (285).png
Love,smiley_ (286).png
Love,smiley_ (287).png
Love,smiley_ (288).png
Love,smiley_ (289).png
"Anger, teeth",smiley_ (29).png
Love,smiley_ (290).png
Love,smiley_ (291).png
Love,smiley_ (292).png
Love,smiley_ (293).png
Love,smiley_ (294).png
Love,smiley_ (295).png
Love,smiley_ (296).png
Love,smiley_ (297).png
Love,smiley_ (298).png
"Love, FTC",smiley_ (299).png
Anger,smiley_ (3).png
Anger,smiley_ (30).png
Love,smiley_ (300).png
Love,smiley_ (301).png
Love,smiley_ (302).png
Love,smiley_ (303).png
"Misc, blusher",smiley_ (304).png
"Misc, cnd, half, wink, half, alt",smiley_ (305).png
"Misc, glitter, glamrock",smiley_ (306).png
"Misc, hibiscus, tattoo",smiley_ (307).png
"Misc, humble, lady",smiley_ (308).png
"Misc, pixel, wink",smiley_ (309).png
Anger,smiley_ (31).png
"Misc, playful, scribble",smiley_ (310).png
"Misc, Rainbow",smiley_ (311).png
"Misc, rainbow, aura, FTN",smiley_ (312).png
"Misc, rainbow",smiley_ (313).png
"Misc, sing",smiley_ (314).png
"Misc, sleep",smiley_ (315).png
"Misc, sleep",smiley_ (316).png
"Misc, tie, dye",smiley_ (317).png
"Misc, whistle",smiley_ (318).png
"Misc, yawn",smiley_ (319).png
Anger,smiley_ (32).png
"Misc, yawn",smiley_ (320).png
"Nature, earth, dark, sea, wink",smiley_ (321).png
"Nature, earth, light, sea, wink",smiley_ (322).png
"Nature, sun",smiley_ (323).png
"Nature, sun",smiley_ (324).png
Sad,smiley_ (325).png
Sad,smiley_ (326).png
Sad,smiley_ (327).png
Sad,smiley_ (328).png
Sad,smiley_ (329).png
"Anger, teethtongue",smiley_ (33).png
Sad,smiley_ (330).png
Sad,smiley_ (331).png
Sad,smiley_ (332).png
Sad,smiley_ (333).png
Sad,smiley_ (334).png
Sad,smiley_ (335).png
Sad,smiley_ (336).png
Sad,smiley_ (337).png
Sad,smiley_ (338).png
Sad,smiley_ (339).png
"Anger, teethtongue",smiley_ (34).png
Sad,smiley_ (340).png
Sad,smiley_ (341).png
"Sad, disgust",smiley_ (342).png
"Sad, disgust",smiley_ (343).png
"Sad, disgust",smiley_ (344).png
"Sad, disgust",smiley_ (345).png
"Sad, exhausted",smiley_ (346).png
"Sad, hurt",smiley_ (347).png
"Sad, sick",smiley_ (348).png
"Sad, sick",smiley_ (349).png
"Anger, teethtongue",smiley_ (35).png
Shame,smiley_ (350).png
"Spooky, devil",smiley_ (351).png
"Spooky, fangs, angry",smiley_ (352).png
"Spooky, melted, smiley",smiley_ (353).png
"Sport, football, header",smiley_ (354).png
Sport,smiley_ (355).png
"Sport, medal, bite",smiley_ (356).png
"Sport, medal, bronze",smiley_ (357).png
"Sport, medal, gold",smiley_ (358).png
"Sport, medal, silver",smiley_ (359).png
"Anger, tongue",smiley_ (36).png
"Sport, medal",smiley_ (360).png
"Sport, sweatband",smiley_ (361).png
"Sport, swimming, goggles",smiley_ (362).png
"Sunglasses, rio",smiley_ (363).png
Surprised,smiley_ (364).png
Thought,smiley_ (365).png
Thought,smiley_ (366).png
Thought,smiley_ (367).png
Thought,smiley_ (368).png
Thought,smiley_ (369).png
Anger,smiley_ (37).png
Thought,smiley_ (370).png
Thought,smiley_ (371).png
Thought,smiley_ (372).png
Thought,smiley_ (373).png
Anger,smiley_ (38).png
Anger,smiley_ (39).png
"Anger, tongue",smiley_ (4).png
"Anger, teeth",smiley_ (40).png
Anger,smiley_ (41).png
"Characters, bowler, hat, wink",smiley_ (42).png
"Characters, buffalo, hat",smiley_ (43).png
"Characters, evil, clown",smiley_ (44).png
"Characters, girl, cheeks, flower",smiley_ (45).png
"Characters, halo, lashes",smiley_ (46).png
"Characters, headphones, friendly, wink",smiley_ (47).png
"Characters, headphones, listening",smiley_ (48).png
"Characters, kung",smiley_ (49).png
Anger,smiley_ (5).png
"Charaters, karate",smiley_ (50).png
"Christmas, disgust, santa, hat",smiley_ (51).png
"Christmas, hat, winky",smiley_ (52).png
"Christmas, ray, bans, santa, hat, FTN",smiley_ (53).png
"ColourTherapy, calm",smiley_ (54).png
"ColourTherapy, cool",smiley_ (55).png
"ColourTherapy, creative",smiley_ (56).png
"ColourTherapy, fortune",smiley_ (57).png
"ColourTherapy, intuition",smiley_ (58).png
"ColourTherapy, love",smiley_ (59).png
"Anger, teeth",smiley_ (6).png
"ColourTherapy, peace",smiley_ (60).png
Crazy,smiley_ (61).png
Crazy,smiley_ (62).png
Crazy,smiley_ (63).png
Crazy,smiley_ (64).png
Crazy,smiley_ (65).png
Crazy,smiley_ (66).png
"Eyes, points, star",smiley_ (67).png
"Eyes, aviator, shades, black",smiley_ (68).png
"Eyes, cnd, peace, sign",smiley_ (69).png
"Anger, teeth",smiley_ (7).png
"Eyes, dollar",smiley_ (70).png
"Eyes, dude, star",smiley_ (71).png
"Eyes, footballs",smiley_ (72).png
"Eyes, happy",smiley_ (73).png
Eyes,smiley_ (74).png
"Eyes, heart, football",smiley_ (75).png
"Eyes, heart, glasses, football",smiley_ (76).png
"Eyes, heart, glasses",smiley_ (77).png
"Eyes, heart",smiley_ (78).png
"Eyes, inverted",smiley_ (79).png
Anger,smiley_ (8).png
"Eyes, Lightening, strike",smiley_ (80).png
"Eyes, lightening, strike",smiley_ (81).png
"Eyes, Lightening, strike",smiley_ (82).png
"Eyes, music",smiley_ (83).png
"Eyes, peace",smiley_ (84).png
"Eyes, plus",smiley_ (85).png
Eyes,smiley_ (86).png
"Eyes, ray, bans, footballTC",smiley_ (87).png
"Eyes, ray, bans",smiley_ (88).png
"Eyes, shell",smiley_ (89).png
"Anger, tongue",smiley_ (9).png
"Eyes, shell",smiley_ (90).png
"Eyes, Star",smiley_ (91).png
"Eyes, star, same, size",smiley_ (92).png
"Eyes, star",smiley_ (93).png
"Eyes, sunset, shades",smiley_ (94).png
"Eyes, yen",smiley_ (95).png
"Eyes, zigzag",smiley_ (96).png
"Fear, FTN",smiley_ (97).png
"Fear, FTN",smiley_ (98).png
"Fear, FTN",smiley_ (99).png
